state_name,abb,month,year,unemployment_rate,avg_electricity
Alabama,AL,February,2021,3.7,6.22
Alabama,AL,January,2021,4.0,5.83
Alabama,AL,December,2020,3.5,5.55
Alabama,AL,November,2020,3.8,6.08
Alabama,AL,October,2020,4.3,5.99
Alabama,AL,September,2020,6.8,6.27
Alabama,AL,August,2020,7.3,6.33
Alabama,AL,July,2020,7.9,6.39
Alabama,AL,June,2020,8.0,6.22
Alabama,AL,May,2020,7.6,5.87
Alabama,AL,April,2020,12.7,5.77
Alabama,AL,March,2020,2.8,5.36
Alabama,AL,February,2020,2.8,5.47
Alabama,AL,January,2020,3.1,5.61
Alabama,AL,December,2019,2.4,5.17
Alabama,AL,November,2019,2.4,6.02
Alabama,AL,October,2019,2.6,5.78
Alabama,AL,September,2019,2.6,6.5
Alabama,AL,August,2019,3.0,6.3
Alabama,AL,July,2019,3.2,6.38
Alabama,AL,June,2019,3.3,6
Alabama,AL,May,2019,2.6,6.27
Alabama,AL,April,2019,2.7,6.11
Alabama,AL,March,2019,3.5,5.79
Alabama,AL,February,2019,3.8,5.48
Alabama,AL,January,2019,4.3,5.51
Alaska,AK,February,2021,7.1,17.27
Alaska,AK,January,2021,6.9,15.44
Alaska,AK,December,2020,6.6,14.5
Alaska,AK,November,2020,6.3,15.79
Alaska,AK,October,2020,5.9,16.24
Alaska,AK,September,2020,6.5,17.35
Alaska,AK,August,2020,6.2,17.01
Alaska,AK,July,2020,10.2,17.44
Alaska,AK,June,2020,11.2,17.58
Alaska,AK,May,2020,12.0,15.81
Alaska,AK,April,2020,12.4,14.8
Alaska,AK,March,2020,6.2,16.36
Alaska,AK,February,2020,5.2,16.84
Alaska,AK,January,2020,5.4,17.99
Alaska,AK,December,2019,5.1,18.3
Alaska,AK,November,2019,5.1,16.81
Alaska,AK,October,2019,4.7,16.85
Alaska,AK,September,2019,4.6,17.32
Alaska,AK,August,2019,4.8,16.02
Alaska,AK,July,2019,5.1,17.66
Alaska,AK,June,2019,5.6,16.66
Alaska,AK,May,2019,5.3,16.21
Alaska,AK,April,2019,5.4,17.92
Alaska,AK,March,2019,6.2,16.05
Alaska,AK,February,2019,6.3,17.22
Alaska,AK,January,2019,6.8,16.59
Arizona,AZ,February,2021,7.1,7.21
Arizona,AZ,January,2021,6.9,5.63
Arizona,AZ,December,2020,6.7,5.57
Arizona,AZ,November,2020,6.4,5.76
Arizona,AZ,October,2020,6.4,6.05
Arizona,AZ,September,2020,7.0,6.46
Arizona,AZ,August,2020,7.1,7.95
Arizona,AZ,July,2020,10.9,7.2
Arizona,AZ,June,2020,10.8,6.32
Arizona,AZ,May,2020,10.7,6.31
Arizona,AZ,April,2020,14.2,5.44
Arizona,AZ,March,2020,5.2,5.34
Arizona,AZ,February,2020,4.5,5.37
Arizona,AZ,January,2020,4.8,5.35
Arizona,AZ,December,2019,4.5,5.64
Arizona,AZ,November,2019,4.5,5.9
Arizona,AZ,October,2019,4.6,6.2
Arizona,AZ,September,2019,4.6,6.34
Arizona,AZ,August,2019,5.2,6.98
Arizona,AZ,July,2019,5.3,7.18
Arizona,AZ,June,2019,5.2,6.34
Arizona,AZ,May,2019,4.7,6.35
Arizona,AZ,April,2019,4.6,6
Arizona,AZ,March,2019,4.9,6.01
Arizona,AZ,February,2019,4.8,6.23
Arizona,AZ,January,2019,5.4,5.86
Arkansas,AR,February,2021,5.3,10.4
Arkansas,AR,January,2021,5.1,5.5
Arkansas,AR,December,2020,4.7,5.56
Arkansas,AR,November,2020,4.8,5.58
Arkansas,AR,October,2020,4.8,5.68
Arkansas,AR,September,2020,5.8,6.09
Arkansas,AR,August,2020,6.3,6.05
Arkansas,AR,July,2020,7.5,6.39
Arkansas,AR,June,2020,7.9,6.21
Arkansas,AR,May,2020,8.7,5.54
Arkansas,AR,April,2020,9.7,5.44
Arkansas,AR,March,2020,4.2,5.38
Arkansas,AR,February,2020,4.0,5.48
Arkansas,AR,January,2020,4.2,4.84
Arkansas,AR,December,2019,3.3,5.74
Arkansas,AR,November,2019,3.1,5.91
Arkansas,AR,October,2019,3.0,5.93
Arkansas,AR,September,2019,3.2,6.41
Arkansas,AR,August,2019,3.6,6.57
Arkansas,AR,July,2019,4.1,6.61
Arkansas,AR,June,2019,3.7,6.35
Arkansas,AR,May,2019,3.3,6.01
Arkansas,AR,April,2019,2.9,5.82
Arkansas,AR,March,2019,3.5,6.07
Arkansas,AR,February,2019,4.1,5.91
Arkansas,AR,January,2019,4.4,6.1
California,CA,February,2021,8.4,13.12
California,CA,January,2021,9.2,13
California,CA,December,2020,9.1,12.92
California,CA,November,2020,8.3,14.5
California,CA,October,2020,9.3,15.86
California,CA,September,2020,10.5,16.39
California,CA,August,2020,12.3,16.48
California,CA,July,2020,13.6,16.47
California,CA,June,2020,14.1,16.13
California,CA,May,2020,15.5,13.64
California,CA,April,2020,16.0,11.96
California,CA,March,2020,5.1,12.37
California,CA,February,2020,4.3,11.96
California,CA,January,2020,4.5,11.87
California,CA,December,2019,3.9,12.14
California,CA,November,2019,3.9,14.15
California,CA,October,2019,3.9,14.96
California,CA,September,2019,3.7,15.1
California,CA,August,2019,4.3,15.09
California,CA,July,2019,4.5,14.98
California,CA,June,2019,4.2,14.92
California,CA,May,2019,3.7,12.72
California,CA,April,2019,3.9,10.9
California,CA,March,2019,4.5,11.12
California,CA,February,2019,4.4,11.47
California,CA,January,2019,4.9,11.17
Colorado,CO,February,2021,6.7,7.57
Colorado,CO,January,2021,6.9,7.43
Colorado,CO,December,2020,6.9,7.1
Colorado,CO,November,2020,6.7,7.34
Colorado,CO,October,2020,6.6,7.3
Colorado,CO,September,2020,6.8,7.54
Colorado,CO,August,2020,7.0,7.59
Colorado,CO,July,2020,7.5,7.6
Colorado,CO,June,2020,11.4,7.49
Colorado,CO,May,2020,11.7,7.2
Colorado,CO,April,2020,12.2,6.9
Colorado,CO,March,2020,5.0,7.12
Colorado,CO,February,2020,2.9,6.94
Colorado,CO,January,2020,2.9,6.82
Colorado,CO,December,2019,2.4,6.9
Colorado,CO,November,2019,2.4,7.03
Colorado,CO,October,2019,2.4,7.22
Colorado,CO,September,2019,2.3,7.65
Colorado,CO,August,2019,2.6,7.66
Colorado,CO,July,2019,2.6,7.7
Colorado,CO,June,2019,2.8,7.84
Colorado,CO,May,2019,2.4,7.33
Colorado,CO,April,2019,2.6,7.31
Colorado,CO,March,2019,2.9,7.41
Colorado,CO,February,2019,3.1,7.46
Colorado,CO,January,2019,3.4,7.14
Connecticut,CT,February,2021,8.3,13.86
Connecticut,CT,January,2021,8.5,13.25
Connecticut,CT,December,2020,7.7,12.8
Connecticut,CT,November,2020,7.5,12.27
Connecticut,CT,October,2020,7.7,12.78
Connecticut,CT,September,2020,8.2,13.21
Connecticut,CT,August,2020,8.3,13.76
Connecticut,CT,July,2020,11.5,13.72
Connecticut,CT,June,2020,11.4,12.84
Connecticut,CT,May,2020,11.6,14.01
Connecticut,CT,April,2020,8.4,13.46
Connecticut,CT,March,2020,4.3,13.32
Connecticut,CT,February,2020,4.0,13.57
Connecticut,CT,January,2020,4.3,14.02
Connecticut,CT,December,2019,3.0,13.29
Connecticut,CT,November,2019,3.0,13.05
Connecticut,CT,October,2019,3.3,13.01
Connecticut,CT,September,2019,3.3,13.24
Connecticut,CT,August,2019,3.7,13.24
Connecticut,CT,July,2019,3.8,13.17
Connecticut,CT,June,2019,3.7,13.6
Connecticut,CT,May,2019,3.5,12.98
Connecticut,CT,April,2019,3.2,13.81
Connecticut,CT,March,2019,3.9,13.61
Connecticut,CT,February,2019,4.1,14.06
Connecticut,CT,January,2019,4.5,14.25
Delaware,DE,February,2021,6.6,8.24
Delaware,DE,January,2021,6.4,7.08
Delaware,DE,December,2020,5.8,6.81
Delaware,DE,November,2020,5.1,7.65
Delaware,DE,October,2020,5.1,6.54
Delaware,DE,September,2020,7.3,8.82
Delaware,DE,August,2020,7.7,5.94
Delaware,DE,July,2020,8.6,6.8
Delaware,DE,June,2020,13.3,6.93
Delaware,DE,May,2020,13.6,6.92
Delaware,DE,April,2020,13.3,7.15
Delaware,DE,March,2020,5.2,6.98
Delaware,DE,February,2020,4.5,7.25
Delaware,DE,January,2020,4.6,6.72
Delaware,DE,December,2019,3.5,7.45
Delaware,DE,November,2019,3.4,7.57
Delaware,DE,October,2019,3.6,7.54
Delaware,DE,September,2019,3.5,7.49
Delaware,DE,August,2019,4.1,7.55
Delaware,DE,July,2019,4.0,7.7
Delaware,DE,June,2019,3.8,7.5
Delaware,DE,May,2019,3.1,7.61
Delaware,DE,April,2019,3.2,7.98
Delaware,DE,March,2019,3.6,7.93
Delaware,DE,February,2019,3.7,7.83
Delaware,DE,January,2019,4.1,8.23
Florida,FL,February,2021,7.6,8.12
Florida,FL,January,2021,7.9,7.44
Florida,FL,December,2020,8.8,7.44
Florida,FL,November,2020,8.4,7.5
Florida,FL,October,2020,8.2,7.49
Florida,FL,September,2020,8.8,7.6
Florida,FL,August,2020,8.9,7.1
Florida,FL,July,2020,9.5,7.46
Florida,FL,June,2020,9.2,7.15
Florida,FL,May,2020,9.0,5.64
Florida,FL,April,2020,10.6,7.38
Florida,FL,March,2020,5.5,7.17
Florida,FL,February,2020,4.9,7.38
Florida,FL,January,2020,5.0,7.36
Florida,FL,December,2019,4.5,7.42
Florida,FL,November,2019,4.5,7.82
Florida,FL,October,2019,5.0,7.47
Florida,FL,September,2019,4.9,7.73
Florida,FL,August,2019,5.6,7.71
Florida,FL,July,2019,5.9,7.82
Florida,FL,June,2019,5.7,7.73
Florida,FL,May,2019,5.1,7.58
Florida,FL,April,2019,4.8,7.52
Florida,FL,March,2019,5.6,7.57
Florida,FL,February,2019,6.0,7.67
Florida,FL,January,2019,6.6,7.76
Georgia,GA,February,2021,5.1,6.64
Georgia,GA,January,2021,5.3,5.55
Georgia,GA,December,2020,4.2,5.51
Georgia,GA,November,2020,5.0,5.58
Georgia,GA,October,2020,5.6,5.15
Georgia,GA,September,2020,7.3,5.76
Georgia,GA,August,2020,8.0,6.12
Georgia,GA,July,2020,11.9,6.58
Georgia,GA,June,2020,11.7,5.7
Georgia,GA,May,2020,14.3,5.26
Georgia,GA,April,2020,13.9,5.16
Georgia,GA,March,2020,5.0,5.05
Georgia,GA,February,2020,3.1,5.24
Georgia,GA,January,2020,3.4,5
Georgia,GA,December,2019,2.9,4.77
Georgia,GA,November,2019,3.0,5.91
Georgia,GA,October,2019,3.1,5.82
Georgia,GA,September,2019,3.2,7.04
Georgia,GA,August,2019,3.6,7.46
Georgia,GA,July,2019,3.6,7.36
Georgia,GA,June,2019,3.5,6.21
Georgia,GA,May,2019,3.1,6.16
Georgia,GA,April,2019,2.9,5.72
Georgia,GA,March,2019,3.2,5.9
Georgia,GA,February,2019,3.3,5.64
Georgia,GA,January,2019,3.8,5.73
Hawaii,HI,February,2021,4.4,26.58
Hawaii,HI,January,2021,5.0,25.29
Hawaii,HI,December,2020,5.6,23.57
Hawaii,HI,November,2020,5.3,23.75
Hawaii,HI,October,2020,5.4,23.38
Hawaii,HI,September,2020,6.4,24.18
Hawaii,HI,August,2020,7.0,23.09
Hawaii,HI,July,2020,8.1,22.78
Hawaii,HI,June,2020,8.7,22.4
Hawaii,HI,May,2020,9.5,24.47
Hawaii,HI,April,2020,12.2,27.15
Hawaii,HI,March,2020,3.7,26.15
Hawaii,HI,February,2020,3.4,26.91
Hawaii,HI,January,2020,3.6,25.99
Hawaii,HI,December,2019,3.1,25.05
Hawaii,HI,November,2019,3.0,24.82
Hawaii,HI,October,2019,3.2,24.99
Hawaii,HI,September,2019,3.2,25.21
Hawaii,HI,August,2019,3.7,25.21
Hawaii,HI,July,2019,3.9,25.44
Hawaii,HI,June,2019,3.8,25.9
Hawaii,HI,May,2019,3.4,26.55
Hawaii,HI,April,2019,3.2,26.53
Hawaii,HI,March,2019,3.7,26.9
Hawaii,HI,February,2019,3.9,26.32
Hawaii,HI,January,2019,4.3,26.72
Idaho,ID,February,2021,8.6,5.6
Idaho,ID,January,2021,9.9,5.41
Idaho,ID,December,2020,9.3,5.53
Idaho,ID,November,2020,10.4,5.54
Idaho,ID,October,2020,14.0,5.73
Idaho,ID,September,2020,15.3,6.47
Idaho,ID,August,2020,14.1,7.04
Idaho,ID,July,2020,14.2,7.24
Idaho,ID,June,2020,14.4,7.07
Idaho,ID,May,2020,21.9,6.18
Idaho,ID,April,2020,21.9,5.59
Idaho,ID,March,2020,2.1,5.16
Idaho,ID,February,2020,1.7,5.3
Idaho,ID,January,2020,2.1,5.21
Idaho,ID,December,2019,1.9,5.22
Idaho,ID,November,2019,2.0,5.14
Idaho,ID,October,2019,2.3,5.35
Idaho,ID,September,2019,2.5,6.14
Idaho,ID,August,2019,2.4,6.64
Idaho,ID,July,2019,2.6,6.68
Idaho,ID,June,2019,3.1,7.08
Idaho,ID,May,2019,2.3,6.07
Idaho,ID,April,2019,2.4,5.61
Idaho,ID,March,2019,2.5,5.46
Idaho,ID,February,2019,2.6,5.75
Idaho,ID,January,2019,2.9,5.48
Illinois,IL,February,2021,4.5,7.53
Illinois,IL,January,2021,4.4,6.84
Illinois,IL,December,2020,4.0,6.47
Illinois,IL,November,2020,4.1,6.58
Illinois,IL,October,2020,4.2,6.58
Illinois,IL,September,2020,5.5,6.42
Illinois,IL,August,2020,4.3,6.45
Illinois,IL,July,2020,5.7,6.43
Illinois,IL,June,2020,6.8,6.37
Illinois,IL,May,2020,8.5,6.4
Illinois,IL,April,2020,11.6,6.39
Illinois,IL,March,2020,3.3,6.42
Illinois,IL,February,2020,3.0,6.32
Illinois,IL,January,2020,3.3,6.5
Illinois,IL,December,2019,2.5,6.24
Illinois,IL,November,2019,2.5,6.34
Illinois,IL,October,2019,2.3,6.9
Illinois,IL,September,2019,2.2,6.13
Illinois,IL,August,2019,2.6,6.36
Illinois,IL,July,2019,2.7,6.4
Illinois,IL,June,2019,2.5,6.23
Illinois,IL,May,2019,2.4,6.34
Illinois,IL,April,2019,2.8,6.81
Illinois,IL,March,2019,3.3,6.89
Illinois,IL,February,2019,3.5,6.9
Illinois,IL,January,2019,3.9,6.84
Indiana,IN,February,2021,7.8,7.5
Indiana,IN,January,2021,8.4,6.44
Indiana,IN,December,2020,7.9,6.63
Indiana,IN,November,2020,7.6,6.66
Indiana,IN,October,2020,7.5,6.6
Indiana,IN,September,2020,10.1,6.72
Indiana,IN,August,2020,11.0,6.58
Indiana,IN,July,2020,12.4,6.83
Indiana,IN,June,2020,14.4,7.06
Indiana,IN,May,2020,15.3,6.88
Indiana,IN,April,2020,16.3,7
Indiana,IN,March,2020,4.0,6.6
Indiana,IN,February,2020,3.7,6.8
Indiana,IN,January,2020,4.0,6.59
Indiana,IN,December,2019,3.3,6.89
Indiana,IN,November,2019,3.2,7.28
Indiana,IN,October,2019,3.4,7.33
Indiana,IN,September,2019,3.5,7.19
Indiana,IN,August,2019,3.9,7.17
Indiana,IN,July,2019,4.2,7.27
Indiana,IN,June,2019,4.1,7.51
Indiana,IN,May,2019,3.5,7.47
Indiana,IN,April,2019,3.9,7.58
Indiana,IN,March,2019,4.6,7.59
Indiana,IN,February,2019,4.9,7.64
Indiana,IN,January,2019,5.4,7.38
Iowa,IA,February,2021,4.7,6.81
Iowa,IA,January,2021,4.7,5.56
Iowa,IA,December,2020,4.4,5.46
Iowa,IA,November,2020,4.8,5.48
Iowa,IA,October,2020,5.1,5.62
Iowa,IA,September,2020,6.0,7.49
Iowa,IA,August,2020,7.2,8.41
Iowa,IA,July,2020,8.9,8.41
Iowa,IA,June,2020,10.3,6.84
Iowa,IA,May,2020,11.9,6.39
Iowa,IA,April,2020,16.5,6.17
Iowa,IA,March,2020,3.7,6.19
Iowa,IA,February,2020,3.4,5.93
Iowa,IA,January,2020,3.5,6.04
Iowa,IA,December,2019,2.9,5.61
Iowa,IA,November,2019,3.1,5.6
Iowa,IA,October,2019,3.0,5.83
Iowa,IA,September,2019,2.8,7.88
Iowa,IA,August,2019,3.2,8.42
Iowa,IA,July,2019,3.4,8.15
Iowa,IA,June,2019,3.3,7.76
Iowa,IA,May,2019,2.9,5.93
Iowa,IA,April,2019,2.8,5.42
Iowa,IA,March,2019,3.6,6.01
Iowa,IA,February,2019,3.8,6.47
Iowa,IA,January,2019,4.0,5.83
Kansas,KS,February,2021,5.0,7.78
Kansas,KS,January,2021,4.8,6.91
Kansas,KS,December,2020,4.1,7.01
Kansas,KS,November,2020,3.7,7.2
Kansas,KS,October,2020,3.4,7.31
Kansas,KS,September,2020,4.2,6.91
Kansas,KS,August,2020,4.9,7.17
Kansas,KS,July,2020,5.9,7.2
Kansas,KS,June,2020,7.3,7.39
Kansas,KS,May,2020,8.3,7.22
Kansas,KS,April,2020,11.0,6.98
Kansas,KS,March,2020,3.5,7.22
Kansas,KS,February,2020,3.2,7.23
Kansas,KS,January,2020,3.6,6.79
Kansas,KS,December,2019,2.9,7.1
Kansas,KS,November,2019,2.4,7.19
Kansas,KS,October,2019,2.3,7.57
Kansas,KS,September,2019,2.4,7.29
Kansas,KS,August,2019,2.8,7.38
Kansas,KS,July,2019,2.8,7.14
Kansas,KS,June,2019,2.8,7.58
Kansas,KS,May,2019,2.4,7.24
Kansas,KS,April,2019,2.5,7.23
Kansas,KS,March,2019,3.3,7.55
Kansas,KS,February,2019,3.1,7.6
Kansas,KS,January,2019,3.6,7.31
Kentucky,KY,February,2021,3.9,6.44
Kentucky,KY,January,2021,5.3,5.3
Kentucky,KY,December,2020,4.2,5.13
Kentucky,KY,November,2020,4.2,5.19
Kentucky,KY,October,2020,4.1,5.25
Kentucky,KY,September,2020,5.9,5.17
Kentucky,KY,August,2020,6.4,5.3
Kentucky,KY,July,2020,7.3,5.16
Kentucky,KY,June,2020,6.8,5.11
Kentucky,KY,May,2020,9.3,5.17
Kentucky,KY,April,2020,12.5,5.04
Kentucky,KY,March,2020,3.5,5.07
Kentucky,KY,February,2020,3.3,5.2
Kentucky,KY,January,2020,3.3,5.07
Kentucky,KY,December,2019,2.8,5.45
Kentucky,KY,November,2019,2.8,5.76
Kentucky,KY,October,2019,2.8,5.39
Kentucky,KY,September,2019,2.7,5.62
Kentucky,KY,August,2019,3.4,5.53
Kentucky,KY,July,2019,3.9,5.66
Kentucky,KY,June,2019,3.2,5.74
Kentucky,KY,May,2019,3.0,5.58
Kentucky,KY,April,2019,2.8,5.36
Kentucky,KY,March,2019,3.4,5.46
Kentucky,KY,February,2019,3.5,5.73
Kentucky,KY,January,2019,3.7,5.58
Louisiana,LA,February,2021,5.1,5.35
Louisiana,LA,January,2021,5.3,5.14
Louisiana,LA,December,2020,5.4,5.27
Louisiana,LA,November,2020,5.1,5.14
Louisiana,LA,October,2020,4.9,5.42
Louisiana,LA,September,2020,5.2,4.79
Louisiana,LA,August,2020,5.2,4.58
Louisiana,LA,July,2020,6.1,4.8
Louisiana,LA,June,2020,5.9,4.7
Louisiana,LA,May,2020,11.1,4.87
Louisiana,LA,April,2020,16.7,4.54
Louisiana,LA,March,2020,4.9,4.66
Louisiana,LA,February,2020,4.4,4.37
Louisiana,LA,January,2020,4.5,4.74
Louisiana,LA,December,2019,3.7,4.67
Louisiana,LA,November,2019,3.5,5.14
Louisiana,LA,October,2019,3.7,5.44
Louisiana,LA,September,2019,3.6,4.9
Louisiana,LA,August,2019,4.0,5.28
Louisiana,LA,July,2019,4.7,5.48
Louisiana,LA,June,2019,4.6,5.31
Louisiana,LA,May,2019,4.0,5.7
Louisiana,LA,April,2019,3.8,5.41
Louisiana,LA,March,2019,4.7,5.42
Louisiana,LA,February,2019,4.6,5.06
Louisiana,LA,January,2019,4.7,4.96
Maine,ME,February,2021,7.1,10.34
Maine,ME,January,2021,7.6,9.58
Maine,ME,December,2020,7.3,9.01
Maine,ME,November,2020,7.3,8.43
Maine,ME,October,2020,7.5,8.53
Maine,ME,September,2020,8.2,8.85
Maine,ME,August,2020,8.3,8.84
Maine,ME,July,2020,10.0,8.93
Maine,ME,June,2020,10.3,9.08
Maine,ME,May,2020,13.5,8.98
Maine,ME,April,2020,12.7,8.95
Maine,ME,March,2020,5.3,9.14
Maine,ME,February,2020,4.2,9.13
Maine,ME,January,2020,5.2,9.15
Maine,ME,December,2019,4.5,9.3
Maine,ME,November,2019,4.6,9.4
Maine,ME,October,2019,4.8,8.56
Maine,ME,September,2019,4.7,8.68
Maine,ME,August,2019,5.1,8.71
Maine,ME,July,2019,5.3,8.94
Maine,ME,June,2019,5.4,8.97
Maine,ME,May,2019,4.2,9.08
Maine,ME,April,2019,3.7,9.45
Maine,ME,March,2019,4.0,9.96
Maine,ME,February,2019,4.2,10.49
Maine,ME,January,2019,5.2,9.52
Maryland,MD,February,2021,5.6,8.43
Maryland,MD,January,2021,6.4,8.09
Maryland,MD,December,2020,5.2,8.02
Maryland,MD,November,2020,4.7,7.76
Maryland,MD,October,2020,4.2,7.83
Maryland,MD,September,2020,4.0,7.75
Maryland,MD,August,2020,4.3,7.74
Maryland,MD,July,2020,8.4,7.77
Maryland,MD,June,2020,5.1,7.59
Maryland,MD,May,2020,8.7,7.71
Maryland,MD,April,2020,9.8,7.66
Maryland,MD,March,2020,4.3,7.62
Maryland,MD,February,2020,3.4,7.73
Maryland,MD,January,2020,3.3,7.96
Maryland,MD,December,2019,2.4,7.75
Maryland,MD,November,2019,2.5,7.7
Maryland,MD,October,2019,2.3,7.73
Maryland,MD,September,2019,2.3,7.59
Maryland,MD,August,2019,2.3,7.81
Maryland,MD,July,2019,2.6,7.79
Maryland,MD,June,2019,2.5,7.67
Maryland,MD,May,2019,2.6,7.74
Maryland,MD,April,2019,2.8,7.71
Maryland,MD,March,2019,3.2,7.96
Maryland,MD,February,2019,3.5,7.98
Maryland,MD,January,2019,3.7,8.18
Massachusetts,MA,February,2021,6.1,15.41
Massachusetts,MA,January,2021,6.4,14.3
Massachusetts,MA,December,2020,6.7,13.73
Massachusetts,MA,November,2020,6.6,12.56
Massachusetts,MA,October,2020,6.5,12.73
Massachusetts,MA,September,2020,6.9,12.71
Massachusetts,MA,August,2020,8.5,13.23
Massachusetts,MA,July,2020,8.8,13.35
Massachusetts,MA,June,2020,8.6,12.96
Massachusetts,MA,May,2020,9.3,12.81
Massachusetts,MA,April,2020,8.8,12.68
Massachusetts,MA,March,2020,3.9,12.73
Massachusetts,MA,February,2020,3.5,12.96
Massachusetts,MA,January,2020,3.6,13.07
Massachusetts,MA,December,2019,3.0,14.76
Massachusetts,MA,November,2019,3.1,15.03
Massachusetts,MA,October,2019,3.2,14.46
Massachusetts,MA,September,2019,3.1,14.46
Massachusetts,MA,August,2019,3.7,14.28
Massachusetts,MA,July,2019,3.8,14.65
Massachusetts,MA,June,2019,3.8,14.49
Massachusetts,MA,May,2019,3.3,14.25
Massachusetts,MA,April,2019,3.1,14.7
Massachusetts,MA,March,2019,3.6,15.32
Massachusetts,MA,February,2019,3.9,15.47
Massachusetts,MA,January,2019,4.3,15.34
Michigan,MI,February,2021,7.3,7.85
Michigan,MI,January,2021,7.5,7.25
Michigan,MI,December,2020,7.3,7.58
Michigan,MI,November,2020,7.7,7.22
Michigan,MI,October,2020,8.1,7.5
Michigan,MI,September,2020,8.9,7.35
Michigan,MI,August,2020,9.1,7.36
Michigan,MI,July,2020,10.1,7.8
Michigan,MI,June,2020,14.8,8.18
Michigan,MI,May,2020,15.4,8.06
Michigan,MI,April,2020,16.3,7.76
Michigan,MI,March,2020,3.1,7.08
Michigan,MI,February,2020,3.1,7.2
Michigan,MI,January,2020,3.4,7.12
Michigan,MI,December,2019,2.5,6.95
Michigan,MI,November,2019,2.5,7.16
Michigan,MI,October,2019,2.5,7.11
Michigan,MI,September,2019,2.8,7.15
Michigan,MI,August,2019,2.9,7.16
Michigan,MI,July,2019,3.2,7.17
Michigan,MI,June,2019,3.2,6.91
Michigan,MI,May,2019,2.9,6.85
Michigan,MI,April,2019,2.8,7.01
Michigan,MI,March,2019,3.4,7.2
Michigan,MI,February,2019,3.6,7.08
Michigan,MI,January,2019,4.0,7.14
Minnesota,MN,February,2021,5.1,8.13
Minnesota,MN,January,2021,6.1,7.32
Minnesota,MN,December,2020,8.3,7.45
Minnesota,MN,November,2020,7.4,7.67
Minnesota,MN,October,2020,7.2,8.09
Minnesota,MN,September,2020,7.8,8.64
Minnesota,MN,August,2020,8.3,8.4
Minnesota,MN,July,2020,9.5,8.9
Minnesota,MN,June,2020,14.2,9.15
Minnesota,MN,May,2020,21.1,8.03
Minnesota,MN,April,2020,23.6,7.71
Minnesota,MN,March,2020,4.5,7.46
Minnesota,MN,February,2020,3.8,7.56
Minnesota,MN,January,2020,4.2,7.28
Minnesota,MN,December,2019,3.4,6.99
Minnesota,MN,November,2019,3.2,7.07
Minnesota,MN,October,2019,3.4,7.46
Minnesota,MN,September,2019,3.6,7.82
Minnesota,MN,August,2019,4.2,7.89
Minnesota,MN,July,2019,5.0,7.9
Minnesota,MN,June,2019,4.3,7.7
Minnesota,MN,May,2019,3.8,7.67
Minnesota,MN,April,2019,3.8,7.45
Minnesota,MN,March,2019,4.8,7.73
Minnesota,MN,February,2019,4.6,7.44
Minnesota,MN,January,2019,4.8,7.13
Mississippi,MS,February,2021,4.9,6.37
Mississippi,MS,January,2021,5.0,5.62
Mississippi,MS,December,2020,4.9,5.85
Mississippi,MS,November,2020,4.3,5.77
Mississippi,MS,October,2020,4.6,5.76
Mississippi,MS,September,2020,5.5,5.6
Mississippi,MS,August,2020,6.3,5.64
Mississippi,MS,July,2020,7.6,5.65
Mississippi,MS,June,2020,8.8,5.51
Mississippi,MS,May,2020,11.1,5.55
Mississippi,MS,April,2020,9.1,5.51
Mississippi,MS,March,2020,4.5,5.87
Mississippi,MS,February,2020,3.6,5.87
Mississippi,MS,January,2020,3.8,5.83
Mississippi,MS,December,2019,3.2,5.87
Mississippi,MS,November,2019,2.6,6.04
Mississippi,MS,October,2019,2.5,5.69
Mississippi,MS,September,2019,2.5,5.9
Mississippi,MS,August,2019,3.0,5.88
Mississippi,MS,July,2019,3.1,5.9
Mississippi,MS,June,2019,3.2,5.55
Mississippi,MS,May,2019,2.7,5.82
Mississippi,MS,April,2019,3.1,5.78
Mississippi,MS,March,2019,3.9,5.79
Mississippi,MS,February,2019,3.9,5.84
Mississippi,MS,January,2019,4.2,6.18
Missouri,MO,February,2021,6.1,6.71
Missouri,MO,January,2021,6.2,6.1
Missouri,MO,December,2020,6.5,5.6
Missouri,MO,November,2020,6.3,5.66
Missouri,MO,October,2020,6.2,5.84
Missouri,MO,September,2020,7.0,6.65
Missouri,MO,August,2020,7.7,7.36
Missouri,MO,July,2020,9.6,7.28
Missouri,MO,June,2020,10.3,7.43
Missouri,MO,May,2020,11.5,6.61
Missouri,MO,April,2020,15.4,5.87
Missouri,MO,March,2020,6.2,5.89
Missouri,MO,February,2020,5.3,5.94
Missouri,MO,January,2020,5.5,6.02
Missouri,MO,December,2019,5.1,6.53
Missouri,MO,November,2019,5.2,6.57
Missouri,MO,October,2019,5.1,6.46
Missouri,MO,September,2019,5.4,7.43
Missouri,MO,August,2019,6.0,7.93
Missouri,MO,July,2019,6.7,8.17
Missouri,MO,June,2019,6.6,8.12
Missouri,MO,May,2019,5.2,7.24
Missouri,MO,April,2019,4.9,6.56
Missouri,MO,March,2019,5.2,6.66
Missouri,MO,February,2019,5.5,6.72
Missouri,MO,January,2019,5.7,6.58
Montana,MT,February,2021,5.2,5.74
Montana,MT,January,2021,5.1,5.27
Montana,MT,December,2020,4.6,5.29
Montana,MT,November,2020,4.2,5.28
Montana,MT,October,2020,4.0,5.62
Montana,MT,September,2020,4.8,5.37
Montana,MT,August,2020,6.1,5.89
Montana,MT,July,2020,7.3,5.12
Montana,MT,June,2020,8.1,4.67
Montana,MT,May,2020,9.7,4.41
Montana,MT,April,2020,12.3,4.51
Montana,MT,March,2020,4.4,4.89
Montana,MT,February,2020,3.8,4.7
Montana,MT,January,2020,4.0,5.13
Montana,MT,December,2019,3.3,5.25
Montana,MT,November,2019,3.1,5.18
Montana,MT,October,2019,2.8,5.28
Montana,MT,September,2019,2.8,4.99
Montana,MT,August,2019,3.5,5.49
Montana,MT,July,2019,3.7,5.5
Montana,MT,June,2019,3.4,4.75
Montana,MT,May,2019,3.0,4.35
Montana,MT,April,2019,2.8,5.16
Montana,MT,March,2019,3.6,7.5
Montana,MT,February,2019,3.7,6.87
Montana,MT,January,2019,3.7,5.2
Nebraska,NE,February,2021,5.0,10.04
Nebraska,NE,January,2021,5.0,7.09
Nebraska,NE,December,2020,4.6,6.37
Nebraska,NE,November,2020,4.3,6.73
Nebraska,NE,October,2020,4.1,7.16
Nebraska,NE,September,2020,4.5,7.62
Nebraska,NE,August,2020,5.2,7.64
Nebraska,NE,July,2020,6.2,8.28
Nebraska,NE,June,2020,7.3,7.81
Nebraska,NE,May,2020,8.9,7.5
Nebraska,NE,April,2020,12.0,7.55
Nebraska,NE,March,2020,4.7,8.22
Nebraska,NE,February,2020,4.2,7.08
Nebraska,NE,January,2020,4.6,6.93
Nebraska,NE,December,2019,3.7,6.88
Nebraska,NE,November,2019,3.4,7.03
Nebraska,NE,October,2019,3.2,7.38
Nebraska,NE,September,2019,2.9,8.06
Nebraska,NE,August,2019,3.3,8.51
Nebraska,NE,July,2019,3.3,8.68
Nebraska,NE,June,2019,3.5,7.85
Nebraska,NE,May,2019,3.0,7.07
Nebraska,NE,April,2019,3.5,7.41
Nebraska,NE,March,2019,4.4,8.52
Nebraska,NE,February,2019,4.3,7.17
Nebraska,NE,January,2019,4.8,6.88
Nevada,NV,February,2021,3.2,4.93
Nevada,NV,January,2021,3.2,4.86
Nevada,NV,December,2020,3.0,4.42
Nevada,NV,November,2020,2.9,4.48
Nevada,NV,October,2020,3.2,4.98
Nevada,NV,September,2020,3.7,7.44
Nevada,NV,August,2020,3.9,7.22
Nevada,NV,July,2020,4.7,7.06
Nevada,NV,June,2020,6.6,6.59
Nevada,NV,May,2020,5.4,4.74
Nevada,NV,April,2020,7.4,4.65
Nevada,NV,March,2020,3.5,4.61
Nevada,NV,February,2020,3.1,4.95
Nevada,NV,January,2020,3.2,4.86
Nevada,NV,December,2019,2.6,5.12
Nevada,NV,November,2019,2.6,5.09
Nevada,NV,October,2019,2.7,5.76
Nevada,NV,September,2019,2.6,8.03
Nevada,NV,August,2019,3.0,8.57
Nevada,NV,July,2019,3.3,7.14
Nevada,NV,June,2019,3.2,7.15
Nevada,NV,May,2019,2.9,5.3
Nevada,NV,April,2019,2.8,5.21
Nevada,NV,March,2019,3.3,4.95
Nevada,NV,February,2019,3.3,5.19
Nevada,NV,January,2019,3.6,4.97
New Hampshire,NH,February,2021,8.0,14.52
New Hampshire,NH,January,2021,8.4,13.92
New Hampshire,NH,December,2020,8.2,13.51
New Hampshire,NH,November,2020,8.4,13.04
New Hampshire,NH,October,2020,11.6,12.99
New Hampshire,NH,September,2020,13.0,13.01
New Hampshire,NH,August,2020,14.4,12.87
New Hampshire,NH,July,2020,16.8,12.26
New Hampshire,NH,June,2020,15.5,12.39
New Hampshire,NH,May,2020,24.6,12.47
New Hampshire,NH,April,2020,29.7,12.46
New Hampshire,NH,March,2020,6.7,12.47
New Hampshire,NH,February,2020,3.6,12.68
New Hampshire,NH,January,2020,3.9,13.19
New Hampshire,NH,December,2019,3.5,13.49
New Hampshire,NH,November,2019,3.4,12.97
New Hampshire,NH,October,2019,3.6,12.98
New Hampshire,NH,September,2019,3.6,12.8
New Hampshire,NH,August,2019,3.9,12.71
New Hampshire,NH,July,2019,4.1,12.5
New Hampshire,NH,June,2019,4.1,12.59
New Hampshire,NH,May,2019,3.8,12.75
New Hampshire,NH,April,2019,3.8,12.94
New Hampshire,NH,March,2019,4.1,13.61
New Hampshire,NH,February,2019,4.2,13.85
New Hampshire,NH,January,2019,4.7,14.1
New Jersey,NJ,February,2021,3.1,10.43
New Jersey,NJ,January,2021,4.0,10.59
New Jersey,NJ,December,2020,3.7,9.64
New Jersey,NJ,November,2020,4.0,9.66
New Jersey,NJ,October,2020,4.2,9.14
New Jersey,NJ,September,2020,5.4,10.23
New Jersey,NJ,August,2020,6.3,10.51
New Jersey,NJ,July,2020,8.1,10.93
New Jersey,NJ,June,2020,10.2,10.57
New Jersey,NJ,May,2020,13.5,9.73
New Jersey,NJ,April,2020,16.1,9.76
New Jersey,NJ,March,2020,3.1,10.13
New Jersey,NJ,February,2020,3.0,9.8
New Jersey,NJ,January,2020,3.1,9.76
New Jersey,NJ,December,2019,2.3,9.4
New Jersey,NJ,November,2019,2.3,9.69
New Jersey,NJ,October,2019,2.3,9.37
New Jersey,NJ,September,2019,2.3,10.1
New Jersey,NJ,August,2019,2.6,10.72
New Jersey,NJ,July,2019,2.6,10.98
New Jersey,NJ,June,2019,2.5,10.66
New Jersey,NJ,May,2019,2.5,10.42
New Jersey,NJ,April,2019,2.5,10.08
New Jersey,NJ,March,2019,3.0,10.04
New Jersey,NJ,February,2019,3.1,10.14
New Jersey,NJ,January,2019,3.2,10.19
New Mexico,NM,February,2021,8.2,5.83
New Mexico,NM,January,2021,8.0,5.33
New Mexico,NM,December,2020,7.2,5.37
New Mexico,NM,November,2020,9.6,5.69
New Mexico,NM,October,2020,7.1,5.66
New Mexico,NM,September,2020,7.7,5.97
New Mexico,NM,August,2020,10.9,5.74
New Mexico,NM,July,2020,13.6,5.98
New Mexico,NM,June,2020,16.1,5.46
New Mexico,NM,May,2020,16.6,5.35
New Mexico,NM,April,2020,16.4,5.39
New Mexico,NM,March,2020,4.2,5.34
New Mexico,NM,February,2020,3.9,5.57
New Mexico,NM,January,2020,4.1,5.01
New Mexico,NM,December,2019,3.2,5.1
New Mexico,NM,November,2019,3.2,5.49
New Mexico,NM,October,2019,3.2,5.37
New Mexico,NM,September,2019,3.2,5.41
New Mexico,NM,August,2019,3.5,5.43
New Mexico,NM,July,2019,3.8,5.61
New Mexico,NM,June,2019,3.2,5.42
New Mexico,NM,May,2019,3.0,5.56
New Mexico,NM,April,2019,2.9,5.59
New Mexico,NM,March,2019,3.6,5.84
New Mexico,NM,February,2019,4.0,5.75
New Mexico,NM,January,2019,4.2,5.28
New York,NY,February,2021,8.3,6.02
New York,NY,January,2021,9.1,5.56
New York,NY,December,2020,8.3,5.61
New York,NY,November,2020,8.1,5.5
New York,NY,October,2020,8.0,5.74
New York,NY,September,2020,8.6,5.78
New York,NY,August,2020,9.4,5.65
New York,NY,July,2020,13.4,5.63
New York,NY,June,2020,10.2,5.61
New York,NY,May,2020,10.0,5.35
New York,NY,April,2020,9.7,5.33
New York,NY,March,2020,5.5,5.27
New York,NY,February,2020,5.1,5.33
New York,NY,January,2020,5.2,5.4
New York,NY,December,2019,4.7,5.44
New York,NY,November,2019,4.7,5.46
New York,NY,October,2019,4.8,5.6
New York,NY,September,2019,4.6,5.77
New York,NY,August,2019,5.1,5.77
New York,NY,July,2019,5.8,5.72
New York,NY,June,2019,5.7,5.36
New York,NY,May,2019,4.6,5.78
New York,NY,April,2019,4.6,5.49
New York,NY,March,2019,4.9,5.55
New York,NY,February,2019,5.3,5.68
New York,NY,January,2019,5.5,5.73
North Carolina,NC,February,2021,9.7,6.08
North Carolina,NC,January,2021,9.4,5.75
North Carolina,NC,December,2020,8.5,6.63
North Carolina,NC,November,2020,8.3,5.31
North Carolina,NC,October,2020,8.3,6.1
North Carolina,NC,September,2020,9.9,6.72
North Carolina,NC,August,2020,11.6,6.62
North Carolina,NC,July,2020,14.8,6.65
North Carolina,NC,June,2020,14.8,6.4
North Carolina,NC,May,2020,15.7,5.81
North Carolina,NC,April,2020,16.2,6.3
North Carolina,NC,March,2020,4.4,5.84
North Carolina,NC,February,2020,4.1,5.89
North Carolina,NC,January,2020,4.1,5.94
North Carolina,NC,December,2019,3.5,6.1
North Carolina,NC,November,2019,3.4,5.97
North Carolina,NC,October,2019,3.6,6.47
North Carolina,NC,September,2019,3.5,6.68
North Carolina,NC,August,2019,4.0,6.66
North Carolina,NC,July,2019,4.0,6.72
North Carolina,NC,June,2019,3.7,6.48
North Carolina,NC,May,2019,3.5,5.97
North Carolina,NC,April,2019,3.5,5.75
North Carolina,NC,March,2019,4.1,6.33
North Carolina,NC,February,2019,4.5,6.25
North Carolina,NC,January,2019,4.6,6.12
North Dakota,ND,February,2021,5.6,7.29
North Dakota,ND,January,2021,6.0,6.63
North Dakota,ND,December,2020,6.1,7.06
North Dakota,ND,November,2020,6.3,7.17
North Dakota,ND,October,2020,6.4,7.1
North Dakota,ND,September,2020,7.1,7.7
North Dakota,ND,August,2020,6.9,7.64
North Dakota,ND,July,2020,9.3,7.88
North Dakota,ND,June,2020,8.9,7.87
North Dakota,ND,May,2020,13.7,7.89
North Dakota,ND,April,2020,13.2,8.39
North Dakota,ND,March,2020,4.0,8.47
North Dakota,ND,February,2020,3.4,8.41
North Dakota,ND,January,2020,3.6,7.87
North Dakota,ND,December,2019,3.2,7.38
North Dakota,ND,November,2019,3.5,8.08
North Dakota,ND,October,2019,3.5,7.96
North Dakota,ND,September,2019,3.4,8.17
North Dakota,ND,August,2019,4.1,8.03
North Dakota,ND,July,2019,4.1,8.06
North Dakota,ND,June,2019,4.1,8.11
North Dakota,ND,May,2019,3.9,7.97
North Dakota,ND,April,2019,3.5,7.86
North Dakota,ND,March,2019,3.9,7.93
North Dakota,ND,February,2019,4.0,8.13
North Dakota,ND,January,2019,4.3,7.71
Ohio,OH,February,2021,5.5,6.43
Ohio,OH,January,2021,5.0,5.93
Ohio,OH,December,2020,4.8,5.8
Ohio,OH,November,2020,4.3,5.73
Ohio,OH,October,2020,3.7,5.84
Ohio,OH,September,2020,4.1,5.82
Ohio,OH,August,2020,5.8,5.78
Ohio,OH,July,2020,6.0,5.92
Ohio,OH,June,2020,6.3,5.87
Ohio,OH,May,2020,8.4,5.86
Ohio,OH,April,2020,8.9,5.84
Ohio,OH,March,2020,3.2,5.49
Ohio,OH,February,2020,2.8,5.71
Ohio,OH,January,2020,3.0,5.73
Ohio,OH,December,2019,2.2,6.26
Ohio,OH,November,2019,1.9,6.46
Ohio,OH,October,2019,1.5,6.22
Ohio,OH,September,2019,1.7,6.28
Ohio,OH,August,2019,2.2,6.49
Ohio,OH,July,2019,2.3,6.58
Ohio,OH,June,2019,2.6,6.64
Ohio,OH,May,2019,2.0,6.63
Ohio,OH,April,2019,2.4,6.59
Ohio,OH,March,2019,3.0,6.76
Ohio,OH,February,2019,3.0,6.78
Ohio,OH,January,2019,3.2,6.91
Oklahoma,OK,February,2021,5.6,21.46
Oklahoma,OK,January,2021,6.0,4.32
Oklahoma,OK,December,2020,5.3,4.27
Oklahoma,OK,November,2020,4.9,4.41
Oklahoma,OK,October,2020,4.9,4.32
Oklahoma,OK,September,2020,7.3,4.61
Oklahoma,OK,August,2020,8.6,4.68
Oklahoma,OK,July,2020,9.5,4.76
Oklahoma,OK,June,2020,10.3,4.57
Oklahoma,OK,May,2020,14.6,4.28
Oklahoma,OK,April,2020,16.7,4.14
Oklahoma,OK,March,2020,5.8,4.07
Oklahoma,OK,February,2020,5.0,4.39
Oklahoma,OK,January,2020,5.2,4.25
Oklahoma,OK,December,2019,3.9,4.6
Oklahoma,OK,November,2019,3.7,4.73
Oklahoma,OK,October,2019,3.7,4.65
Oklahoma,OK,September,2019,3.8,5.27
Oklahoma,OK,August,2019,4.1,5.42
Oklahoma,OK,July,2019,4.5,5.51
Oklahoma,OK,June,2019,4.4,5.25
Oklahoma,OK,May,2019,3.8,5.01
Oklahoma,OK,April,2019,3.6,4.74
Oklahoma,OK,March,2019,4.3,5.28
Oklahoma,OK,February,2019,4.8,5.24
Oklahoma,OK,January,2019,5.3,5.06
Oregon,OR,February,2021,5.1,6.27
Oregon,OR,January,2021,5.1,5.76
Oregon,OR,December,2020,4.6,6
Oregon,OR,November,2020,4.7,6.24
Oregon,OR,October,2020,4.9,6.2
Oregon,OR,September,2020,5.5,6.47
Oregon,OR,August,2020,6.1,6.39
Oregon,OR,July,2020,7.3,6.42
Oregon,OR,June,2020,8.4,6.18
Oregon,OR,May,2020,9.9,6.06
Oregon,OR,April,2020,12.7,5.92
Oregon,OR,March,2020,3.4,5.87
Oregon,OR,February,2020,3.1,5.95
Oregon,OR,January,2020,3.3,5.91
Oregon,OR,December,2019,2.8,5.53
Oregon,OR,November,2019,3.0,5.76
Oregon,OR,October,2019,3.1,5.76
Oregon,OR,September,2019,2.9,5.83
Oregon,OR,August,2019,3.1,6.05
Oregon,OR,July,2019,3.3,5.96
Oregon,OR,June,2019,3.3,5.78
Oregon,OR,May,2019,3.0,5.58
Oregon,OR,April,2019,2.6,5.84
Oregon,OR,March,2019,3.1,6.44
Oregon,OR,February,2019,3.3,6.12
Oregon,OR,January,2019,3.7,5.64
Pennsylvania,PA,February,2021,6.7,6.43
Pennsylvania,PA,January,2021,7.1,6.1
Pennsylvania,PA,December,2020,6.2,6.08
Pennsylvania,PA,November,2020,6.1,6.09
Pennsylvania,PA,October,2020,6.5,6.02
Pennsylvania,PA,September,2020,7.3,6.07
Pennsylvania,PA,August,2020,8.3,6.07
Pennsylvania,PA,July,2020,10.0,6.14
Pennsylvania,PA,June,2020,10.4,6.08
Pennsylvania,PA,May,2020,11.6,6.16
Pennsylvania,PA,April,2020,13.1,6.21
Pennsylvania,PA,March,2020,4.3,6.11
Pennsylvania,PA,February,2020,3.6,6.33
Pennsylvania,PA,January,2020,3.7,6.28
Pennsylvania,PA,December,2019,2.9,6.35
Pennsylvania,PA,November,2019,2.8,6.31
Pennsylvania,PA,October,2019,3.1,6.33
Pennsylvania,PA,September,2019,3.3,6.24
Pennsylvania,PA,August,2019,4.0,6.41
Pennsylvania,PA,July,2019,4.1,6.29
Pennsylvania,PA,June,2019,3.9,6.2
Pennsylvania,PA,May,2019,3.3,6.34
Pennsylvania,PA,April,2019,3.7,6.51
Pennsylvania,PA,March,2019,4.4,6.58
Pennsylvania,PA,February,2019,4.3,6.64
Pennsylvania,PA,January,2019,4.6,6.73
Rhode Island,RI,February,2021,7.9,16.65
Rhode Island,RI,January,2021,8.0,16.33
Rhode Island,RI,December,2020,6.9,16.24
Rhode Island,RI,November,2020,6.5,15.99
Rhode Island,RI,October,2020,6.4,16.05
Rhode Island,RI,September,2020,7.0,15.91
Rhode Island,RI,August,2020,10.2,16.22
Rhode Island,RI,July,2020,13.5,15.39
Rhode Island,RI,June,2020,13.2,15.15
Rhode Island,RI,May,2020,13.7,15.95
Rhode Island,RI,April,2020,15.9,15.74
Rhode Island,RI,March,2020,5.6,15.48
Rhode Island,RI,February,2020,5.0,15.57
Rhode Island,RI,January,2020,5.0,15.56
Rhode Island,RI,December,2019,4.4,15.34
Rhode Island,RI,November,2019,4.3,15.07
Rhode Island,RI,October,2019,4.3,15.2
Rhode Island,RI,September,2019,4.2,14.81
Rhode Island,RI,August,2019,4.8,14.62
Rhode Island,RI,July,2019,5.0,14.42
Rhode Island,RI,June,2019,4.5,15.11
Rhode Island,RI,May,2019,4.2,15.87
Rhode Island,RI,April,2019,3.8,15.87
Rhode Island,RI,March,2019,4.5,16.24
Rhode Island,RI,February,2019,4.7,18.2
Rhode Island,RI,January,2019,4.8,17.17
South Carolina,SC,February,2021,7.9,5.93
South Carolina,SC,January,2021,8.5,5.61
South Carolina,SC,December,2020,7.8,5.86
South Carolina,SC,November,2020,7.7,5.37
South Carolina,SC,October,2020,6.4,5.85
South Carolina,SC,September,2020,10.3,6.2
South Carolina,SC,August,2020,12.5,6.11
South Carolina,SC,July,2020,13.8,6.32
South Carolina,SC,June,2020,10.2,6.03
South Carolina,SC,May,2020,13.6,5.72
South Carolina,SC,April,2020,17.5,5.77
South Carolina,SC,March,2020,4.8,5.49
South Carolina,SC,February,2020,4.3,5.66
South Carolina,SC,January,2020,4.4,5.63
South Carolina,SC,December,2019,3.3,6.41
South Carolina,SC,November,2019,3.3,6.04
South Carolina,SC,October,2019,2.9,6.2
South Carolina,SC,September,2019,3.1,6.17
South Carolina,SC,August,2019,3.9,6.25
South Carolina,SC,July,2019,3.9,6.5
South Carolina,SC,June,2019,3.4,6.38
South Carolina,SC,May,2019,3.3,5.96
South Carolina,SC,April,2019,3.2,5.73
South Carolina,SC,March,2019,3.9,5.89
South Carolina,SC,February,2019,4.3,5.9
South Carolina,SC,January,2019,4.7,5.9
South Dakota,SD,February,2021,5.2,9.1
South Dakota,SD,January,2021,5.4,7.7
South Dakota,SD,December,2020,5.9,7.62
South Dakota,SD,November,2020,5.4,7.92
South Dakota,SD,October,2020,5.0,7.85
South Dakota,SD,September,2020,5.1,8.02
South Dakota,SD,August,2020,5.4,8.04
South Dakota,SD,July,2020,7.9,8.08
South Dakota,SD,June,2020,7.8,8.12
South Dakota,SD,May,2020,11.4,7.75
South Dakota,SD,April,2020,11.0,7.78
South Dakota,SD,March,2020,3.1,7.63
South Dakota,SD,February,2020,3.0,7.78
South Dakota,SD,January,2020,3.1,7.5
South Dakota,SD,December,2019,2.5,7.67
South Dakota,SD,November,2019,2.3,7.55
South Dakota,SD,October,2019,2.3,7.86
South Dakota,SD,September,2019,1.8,7.86
South Dakota,SD,August,2019,2.6,8.3
South Dakota,SD,July,2019,2.8,7.98
South Dakota,SD,June,2019,3.0,7.95
South Dakota,SD,May,2019,2.7,7.76
South Dakota,SD,April,2019,2.6,7.59
South Dakota,SD,March,2019,3.3,7.89
South Dakota,SD,February,2019,3.4,7.72
South Dakota,SD,January,2019,3.8,7.46
Tennessee,TN,February,2021,3.6,5.55
Tennessee,TN,January,2021,3.3,5.13
Tennessee,TN,December,2020,3.5,5.17
Tennessee,TN,November,2020,3.3,5.17
Tennessee,TN,October,2020,3.2,5.12
Tennessee,TN,September,2020,3.6,5.34
Tennessee,TN,August,2020,4.6,5.4
Tennessee,TN,July,2020,5.1,5.51
Tennessee,TN,June,2020,5.7,5.41
Tennessee,TN,May,2020,7.1,5.19
Tennessee,TN,April,2020,9.5,5.36
Tennessee,TN,March,2020,3.5,5.45
Tennessee,TN,February,2020,3.2,5.55
Tennessee,TN,January,2020,3.3,5.57
Tennessee,TN,December,2019,3.0,5.48
Tennessee,TN,November,2019,2.7,5.46
Tennessee,TN,October,2019,2.6,5.38
Tennessee,TN,September,2019,2.5,5.69
Tennessee,TN,August,2019,3.0,5.75
Tennessee,TN,July,2019,2.8,5.97
Tennessee,TN,June,2019,2.9,5.81
Tennessee,TN,May,2019,2.8,5.35
Tennessee,TN,April,2019,3.0,5.56
Tennessee,TN,March,2019,3.5,5.71
Tennessee,TN,February,2019,3.5,5.99
Tennessee,TN,January,2019,3.5,5.98
Texas,TX,February,2021,4.9,12.15
Texas,TX,January,2021,5.4,4.88
Texas,TX,December,2020,5.6,4.89
Texas,TX,November,2020,5.1,4.96
Texas,TX,October,2020,7.4,5.13
Texas,TX,September,2020,7.6,5.21
Texas,TX,August,2020,7.8,5.49
Texas,TX,July,2020,9.4,5.18
Texas,TX,June,2020,9.9,5.06
Texas,TX,May,2020,9.8,5.03
Texas,TX,April,2020,15.6,5.15
Texas,TX,March,2020,4.3,5.37
Texas,TX,February,2020,3.8,5.4
Texas,TX,January,2020,4.0,5.13
Texas,TX,December,2019,3.3,5.02
Texas,TX,November,2019,3.2,5.58
Texas,TX,October,2019,3.3,5.55
Texas,TX,September,2019,3.1,5.8
Texas,TX,August,2019,3.4,7.26
Texas,TX,July,2019,3.8,5.26
Texas,TX,June,2019,3.8,5.01
Texas,TX,May,2019,3.1,5.14
Texas,TX,April,2019,2.9,5.03
Texas,TX,March,2019,3.4,5.27
Texas,TX,February,2019,3.5,5.07
Texas,TX,January,2019,3.9,5.14
Utah,UT,February,2021,7.5,5.91
Utah,UT,January,2021,7.3,5.64
Utah,UT,December,2020,6.7,5.5
Utah,UT,November,2020,6.9,5.55
Utah,UT,October,2020,6.9,5.79
Utah,UT,September,2020,8.0,6.44
Utah,UT,August,2020,6.9,6.38
Utah,UT,July,2020,9.6,6.23
Utah,UT,June,2020,10.3,6.34
Utah,UT,May,2020,11.8,5.99
Utah,UT,April,2020,12.7,5.65
Utah,UT,March,2020,5.1,5.57
Utah,UT,February,2020,3.5,5.56
Utah,UT,January,2020,3.7,5.44
Utah,UT,December,2019,3.3,5.42
Utah,UT,November,2019,3.4,5.62
Utah,UT,October,2019,3.3,5.83
Utah,UT,September,2019,3.4,6.32
Utah,UT,August,2019,3.7,6.4
Utah,UT,July,2019,3.8,6.36
Utah,UT,June,2019,3.8,6.38
Utah,UT,May,2019,3.1,5.73
Utah,UT,April,2019,3.1,5.55
Utah,UT,March,2019,3.5,6.36
Utah,UT,February,2019,3.8,6.17
Utah,UT,January,2019,4.2,5.48
Vermont,VT,February,2021,3.6,11.53
Vermont,VT,January,2021,3.5,11.11
Vermont,VT,December,2020,3.0,11.14
Vermont,VT,November,2020,3.2,10.81
Vermont,VT,October,2020,3.4,10.75
Vermont,VT,September,2020,4.0,11.14
Vermont,VT,August,2020,4.8,11.06
Vermont,VT,July,2020,5.5,11.14
Vermont,VT,June,2020,6.4,11.16
Vermont,VT,May,2020,7.6,10.97
Vermont,VT,April,2020,10.2,10.82
Vermont,VT,March,2020,2.9,10.85
Vermont,VT,February,2020,2.7,11.15
Vermont,VT,January,2020,2.7,10.77
Vermont,VT,December,2019,2.2,11.24
Vermont,VT,November,2019,2.1,11.13
Vermont,VT,October,2019,2.1,10.99
Vermont,VT,September,2019,2.1,10.97
Vermont,VT,August,2019,2.6,11.16
Vermont,VT,July,2019,2.6,11.08
Vermont,VT,June,2019,2.8,11.2
Vermont,VT,May,2019,2.5,10.87
Vermont,VT,April,2019,2.5,10.64
Vermont,VT,March,2019,2.9,11.07
Vermont,VT,February,2019,3.0,11.24
Vermont,VT,January,2019,3.1,10.96
Virginia,VA,February,2021,3.1,6.6
Virginia,VA,January,2021,3.7,6.05
Virginia,VA,December,2020,3.3,6.41
Virginia,VA,November,2020,3.2,6.13
Virginia,VA,October,2020,2.9,6.34
Virginia,VA,September,2020,4.5,6.73
Virginia,VA,August,2020,5.0,6.43
Virginia,VA,July,2020,6.6,6.37
Virginia,VA,June,2020,7.9,6.43
Virginia,VA,May,2020,9.4,6.38
Virginia,VA,April,2020,15.0,6.81
Virginia,VA,March,2020,2.9,6.59
Virginia,VA,February,2020,2.6,6.59
Virginia,VA,January,2020,3.0,6.62
Virginia,VA,December,2019,2.4,6.72
Virginia,VA,November,2019,2.4,6.89
Virginia,VA,October,2019,1.7,6.78
Virginia,VA,September,2019,2.3,6.4
Virginia,VA,August,2019,2.2,6.85
Virginia,VA,July,2019,2.3,7.13
Virginia,VA,June,2019,2.3,6.74
Virginia,VA,May,2019,2.1,7.05
Virginia,VA,April,2019,2.4,6.78
Virginia,VA,March,2019,2.5,7.22
Virginia,VA,February,2019,2.4,6.9
Virginia,VA,January,2019,2.9,6.8
Washington,WA,February,2021,5.4,5.92
Washington,WA,January,2021,5.7,5.36
Washington,WA,December,2020,5.7,5.38
Washington,WA,November,2020,5.5,5.68
Washington,WA,October,2020,5.7,5.72
Washington,WA,September,2020,6.4,5.82
Washington,WA,August,2020,7.1,5.28
Washington,WA,July,2020,8.1,5.35
Washington,WA,June,2020,8.9,4.83
Washington,WA,May,2020,8.6,4.68
Washington,WA,April,2020,11.0,4.77
Washington,WA,March,2020,2.8,4.86
Washington,WA,February,2020,2.5,4.73
Washington,WA,January,2020,2.8,4.7
Washington,WA,December,2019,2.3,4.68
Washington,WA,November,2019,2.3,4.81
Washington,WA,October,2019,2.4,4.88
Washington,WA,September,2019,2.5,4.74
Washington,WA,August,2019,2.8,5.32
Washington,WA,July,2019,2.8,4.75
Washington,WA,June,2019,2.8,4.55
Washington,WA,May,2019,2.6,4.4
Washington,WA,April,2019,2.4,4.58
Washington,WA,March,2019,2.9,5.18
Washington,WA,February,2019,3.1,5.17
Washington,WA,January,2019,3.4,4.62
West Virginia,WV,February,2021,6.9,6.12
West Virginia,WV,January,2021,7.1,5.86
West Virginia,WV,December,2020,7.2,6.07
West Virginia,WV,November,2020,6.5,6.25
West Virginia,WV,October,2020,6.3,6.21
West Virginia,WV,September,2020,7.2,6.44
West Virginia,WV,August,2020,8.3,5.61
West Virginia,WV,July,2020,9.5,6.17
West Virginia,WV,June,2020,10.1,6.22
West Virginia,WV,May,2020,12.3,6.24
West Virginia,WV,April,2020,15.6,6.12
West Virginia,WV,March,2020,6.2,5.79
West Virginia,WV,February,2020,5.8,6.15
West Virginia,WV,January,2020,5.6,5.96
West Virginia,WV,December,2019,4.7,5.93
West Virginia,WV,November,2019,4.5,6.16
West Virginia,WV,October,2019,4.4,5.96
West Virginia,WV,September,2019,4.1,6
West Virginia,WV,August,2019,4.9,6.05
West Virginia,WV,July,2019,4.9,5.96
West Virginia,WV,June,2019,5.1,6.1
West Virginia,WV,May,2019,4.5,6.04
West Virginia,WV,April,2019,4.5,6.07
West Virginia,WV,March,2019,5.5,6.02
West Virginia,WV,February,2019,6.1,6.17
West Virginia,WV,January,2019,6.1,5.87
Wisconsin,WI,February,2021,4.9,7.97
Wisconsin,WI,January,2021,4.5,7.12
Wisconsin,WI,December,2020,4.0,7.35
Wisconsin,WI,November,2020,4.1,7.36
Wisconsin,WI,October,2020,4.3,7.68
Wisconsin,WI,September,2020,4.9,7.88
Wisconsin,WI,August,2020,5.8,8.37
Wisconsin,WI,July,2020,7.3,8.55
Wisconsin,WI,June,2020,8.6,8.14
Wisconsin,WI,May,2020,10.7,7.44
Wisconsin,WI,April,2020,14.9,7.48
Wisconsin,WI,March,2020,3.8,7.28
Wisconsin,WI,February,2020,3.5,7.41
Wisconsin,WI,January,2020,3.5,7.44
Wisconsin,WI,December,2019,3.0,7.1
Wisconsin,WI,November,2019,2.9,7.17
Wisconsin,WI,October,2019,2.9,7.14
Wisconsin,WI,September,2019,3.0,7.45
Wisconsin,WI,August,2019,3.4,7.66
Wisconsin,WI,July,2019,3.5,7.79
Wisconsin,WI,June,2019,3.8,7.42
Wisconsin,WI,May,2019,3.1,7.09
Wisconsin,WI,April,2019,3.1,7.21
Wisconsin,WI,March,2019,3.6,7.12
Wisconsin,WI,February,2019,3.5,7.43
Wisconsin,WI,January,2019,3.4,7.1
Wyoming,WY,February,2021,6.5,8
Wyoming,WY,January,2021,6.2,6.76
Wyoming,WY,December,2020,5.3,6.56
Wyoming,WY,November,2020,4.8,6.69
Wyoming,WY,October,2020,4.4,6.94
Wyoming,WY,September,2020,5.5,7.06
Wyoming,WY,August,2020,5.9,7.18
Wyoming,WY,July,2020,6.8,6.96
Wyoming,WY,June,2020,7.3,6.91
Wyoming,WY,May,2020,8.7,7.14
Wyoming,WY,April,2020,5.8,6.84
Wyoming,WY,March,2020,5.9,6.82
Wyoming,WY,February,2020,4.9,6.66
Wyoming,WY,January,2020,4.9,6.5
Wyoming,WY,December,2019,4.1,6.54
Wyoming,WY,November,2019,3.8,6.84
Wyoming,WY,October,2019,3.5,6.85
Wyoming,WY,September,2019,3.3,6.73
Wyoming,WY,August,2019,3.4,6.96
Wyoming,WY,July,2019,3.8,6.79
Wyoming,WY,June,2019,3.7,6.6
Wyoming,WY,May,2019,3.3,6.8
Wyoming,WY,April,2019,3.4,6.45
Wyoming,WY,March,2019,4.0,6.7
Wyoming,WY,February,2019,3.9,7
Wyoming,WY,January,2019,4.5,6.48
